[{"model": "contenttypes.contenttype", "pk": 1, "fields": {"app_label": "cms", "model": "placeholder"}}, {"model": "contenttypes.contenttype", "pk": 2, "fields": {"app_label": "cms", "model": "page"}}, {"model": "contenttypes.contenttype", "pk": 3, "fields": {"app_label": "auth", "model": "permission"}}, {"model": "contenttypes.contenttype", "pk": 4, "fields": {"app_label": "auth", "model": "group"}}, {"model": "contenttypes.contenttype", "pk": 5, "fields": {"app_label": "auth", "model": "user"}}, {"model": "contenttypes.contenttype", "pk": 6, "fields": {"app_label": "contenttypes", "model": "contenttype"}}, {"model": "contenttypes.contenttype", "pk": 7, "fields": {"app_label": "sessions", "model": "session"}}, {"model": "contenttypes.contenttype", "pk": 8, "fields": {"app_label": "admin", "model": "logentry"}}, {"model": "contenttypes.contenttype", "pk": 9, "fields": {"app_label": "sites", "model": "site"}}, {"model": "contenttypes.contenttype", "pk": 10, "fields": {"app_label": "cms", "model": "usersettings"}}, {"model": "contenttypes.contenttype", "pk": 11, "fields": {"app_label": "cms", "model": "globalpagepermission"}}, {"model": "contenttypes.contenttype", "pk": 12, "fields": {"app_label": "cms", "model": "pagepermission"}}, {"model": "contenttypes.contenttype", "pk": 13, "fields": {"app_label": "cms", "model": "pageuser"}}, {"model": "contenttypes.contenttype", "pk": 14, "fields": {"app_label": "cms", "model": "pageusergroup"}}, {"model": "contenttypes.contenttype", "pk": 15, "fields": {"app_label": "cms", "model": "cmsplugin"}}, {"model": "contenttypes.contenttype", "pk": 16, "fields": {"app_label": "cms", "model": "title"}}, {"model": "contenttypes.contenttype", "pk": 17, "fields": {"app_label": "cms", "model": "placeholderreference"}}, {"model": "contenttypes.contenttype", "pk": 18, "fields": {"app_label": "cms", "model": "staticplaceholder"}}, {"model": "contenttypes.contenttype", "pk": 19, "fields": {"app_label": "cms", "model": "aliaspluginmodel"}}, {"model": "contenttypes.contenttype", "pk": 20, "fields": {"app_label": "cms", "model": "urlconfrevision"}}, {"model": "contenttypes.contenttype", "pk": 21, "fields": {"app_label": "menus", "model": "cachekey"}}, {"model": "contenttypes.contenttype", "pk": 22, "fields": {"app_label": "djangocms_text_ckeditor", "model": "text"}}, {"model": "contenttypes.contenttype", "pk": 23, "fields": {"app_label": "djangocms_style", "model": "style"}}, {"model": "contenttypes.contenttype", "pk": 24, "fields": {"app_label": "djangocms_column", "model": "multicolumns"}}, {"model": "contenttypes.contenttype", "pk": 25, "fields": {"app_label": "djangocms_column", "model": "column"}}, {"model": "contenttypes.contenttype", "pk": 26, "fields": {"app_label": "filer", "model": "folder"}}, {"model": "contenttypes.contenttype", "pk": 27, "fields": {"app_label": "filer", "model": "folderpermission"}}, {"model": "contenttypes.contenttype", "pk": 28, "fields": {"app_label": "filer", "model": "file"}}, {"model": "contenttypes.contenttype", "pk": 29, "fields": {"app_label": "filer", "model": "clipboard"}}, {"model": "contenttypes.contenttype", "pk": 30, "fields": {"app_label": "filer", "model": "clipboarditem"}}, {"model": "contenttypes.contenttype", "pk": 31, "fields": {"app_label": "filer", "model": "image"}}, {"model": "contenttypes.contenttype", "pk": 32, "fields": {"app_label": "filer", "model": "thumbnailoption"}}, {"model": "contenttypes.contenttype", "pk": 33, "fields": {"app_label": "easy_thumbnails", "model": "source"}}, {"model": "contenttypes.contenttype", "pk": 34, "fields": {"app_label": "easy_thumbnails", "model": "thumbnail"}}, {"model": "contenttypes.contenttype", "pk": 35, "fields": {"app_label": "easy_thumbnails", "model": "thumbnaildimensions"}}, {"model": "contenttypes.contenttype", "pk": 36, "fields": {"app_label": "cmsplugin_filer_image", "model": "filerimage"}}, {"model": "contenttypes.contenttype", "pk": 37, "fields": {"app_label": "cmsplugin_filer_file", "model": "filerfile"}}, {"model": "contenttypes.contenttype", "pk": 38, "fields": {"app_label": "cmsplugin_filer_folder", "model": "filerfolder"}}, {"model": "contenttypes.contenttype", "pk": 39, "fields": {"app_label": "cmsplugin_filer_teaser", "model": "filerteaser"}}, {"model": "contenttypes.contenttype", "pk": 40, "fields": {"app_label": "cmsplugin_filer_video", "model": "filervideo"}}, {"model": "contenttypes.contenttype", "pk": 41, "fields": {"app_label": "djangocms_googlemap", "model": "googlemap"}}, {"model": "contenttypes.contenttype", "pk": 42, "fields": {"app_label": "djangocms_inherit", "model": "inheritpageplaceholder"}}, {"model": "contenttypes.contenttype", "pk": 43, "fields": {"app_label": "djangocms_link", "model": "link"}}, {"model": "contenttypes.contenttype", "pk": 44, "fields": {"app_label": "reversion", "model": "revision"}}, {"model": "contenttypes.contenttype", "pk": 45, "fields": {"app_label": "reversion", "model": "version"}}, {"model": "contenttypes.contenttype", "pk": 46, "fields": {"app_label": "aldryn_bootstrap3", "model": "boostrap3buttonplugin"}}, {"model": "contenttypes.contenttype", "pk": 47, "fields": {"app_label": "aldryn_bootstrap3", "model": "boostrap3blockquoteplugin"}}, {"model": "contenttypes.contenttype", "pk": 48, "fields": {"app_label": "aldryn_bootstrap3", "model": "boostrap3iconplugin"}}, {"model": "contenttypes.contenttype", "pk": 49, "fields": {"app_label": "aldryn_bootstrap3", "model": "boostrap3labelplugin"}}, {"model": "contenttypes.contenttype", "pk": 50, "fields": {"app_label": "aldryn_bootstrap3", "model": "boostrap3wellplugin"}}, {"model": "contenttypes.contenttype", "pk": 51, "fields": {"app_label": "aldryn_bootstrap3", "model": "boostrap3alertplugin"}}, {"model": "contenttypes.contenttype", "pk": 52, "fields": {"app_label": "aldryn_bootstrap3", "model": "boostrap3imageplugin"}}, {"model": "contenttypes.contenttype", "pk": 53, "fields": {"app_label": "aldryn_bootstrap3", "model": "boostrap3spacerplugin"}}, {"model": "contenttypes.contenttype", "pk": 54, "fields": {"app_label": "aldryn_bootstrap3", "model": "bootstrap3fileplugin"}}, {"model": "contenttypes.contenttype", "pk": 55, "fields": {"app_label": "aldryn_bootstrap3", "model": "boostrap3panelplugin"}}, {"model": "contenttypes.contenttype", "pk": 56, "fields": {"app_label": "aldryn_bootstrap3", "model": "boostrap3panelheadingplugin"}}, {"model": "contenttypes.contenttype", "pk": 57, "fields": {"app_label": "aldryn_bootstrap3", "model": "boostrap3panelbodyplugin"}}, {"model": "contenttypes.contenttype", "pk": 58, "fields": {"app_label": "aldryn_bootstrap3", "model": "boostrap3panelfooterplugin"}}, {"model": "contenttypes.contenttype", "pk": 59, "fields": {"app_label": "aldryn_bootstrap3", "model": "bootstrap3rowplugin"}}, {"model": "contenttypes.contenttype", "pk": 60, "fields": {"app_label": "aldryn_bootstrap3", "model": "bootstrap3columnplugin"}}, {"model": "contenttypes.contenttype", "pk": 61, "fields": {"app_label": "aldryn_bootstrap3", "model": "bootstrap3accordionplugin"}}, {"model": "contenttypes.contenttype", "pk": 62, "fields": {"app_label": "aldryn_bootstrap3", "model": "bootstrap3accordionitemplugin"}}, {"model": "contenttypes.contenttype", "pk": 63, "fields": {"app_label": "aldryn_bootstrap3", "model": "bootstrap3listgroupplugin"}}, {"model": "contenttypes.contenttype", "pk": 64, "fields": {"app_label": "aldryn_bootstrap3", "model": "bootstrap3listgroupitemplugin"}}, {"model": "contenttypes.contenttype", "pk": 65, "fields": {"app_label": "aldryn_bootstrap3", "model": "bootstrap3carouselplugin"}}, {"model": "contenttypes.contenttype", "pk": 66, "fields": {"app_label": "aldryn_bootstrap3", "model": "bootstrap3carouselslideplugin"}}, {"model": "contenttypes.contenttype", "pk": 67, "fields": {"app_label": "aldryn_bootstrap3", "model": "bootstrap3carouselslidefolderplugin"}}, {"model": "contenttypes.contenttype", "pk": 68, "fields": {"app_label": "aldryn_categories", "model": "categorytranslation"}}, {"model": "contenttypes.contenttype", "pk": 69, "fields": {"app_label": "aldryn_categories", "model": "category"}}, {"model": "contenttypes.contenttype", "pk": 70, "fields": {"app_label": "aldryn_newsblog", "model": "newsblogconfigtranslation"}}, {"model": "contenttypes.contenttype", "pk": 71, "fields": {"app_label": "aldryn_newsblog", "model": "newsblogconfig"}}, {"model": "contenttypes.contenttype", "pk": 72, "fields": {"app_label": "aldryn_newsblog", "model": "articletranslation"}}, {"model": "contenttypes.contenttype", "pk": 73, "fields": {"app_label": "aldryn_newsblog", "model": "article"}}, {"model": "contenttypes.contenttype", "pk": 74, "fields": {"app_label": "aldryn_newsblog", "model": "newsblogarchiveplugin"}}, {"model": "contenttypes.contenttype", "pk": 75, "fields": {"app_label": "aldryn_newsblog", "model": "newsblogarticlesearchplugin"}}, {"model": "contenttypes.contenttype", "pk": 76, "fields": {"app_label": "aldryn_newsblog", "model": "newsblogauthorsplugin"}}, {"model": "contenttypes.contenttype", "pk": 77, "fields": {"app_label": "aldryn_newsblog", "model": "newsblogcategoriesplugin"}}, {"model": "contenttypes.contenttype", "pk": 78, "fields": {"app_label": "aldryn_newsblog", "model": "newsblogfeaturedarticlesplugin"}}, {"model": "contenttypes.contenttype", "pk": 79, "fields": {"app_label": "aldryn_newsblog", "model": "newsbloglatestarticlesplugin"}}, {"model": "contenttypes.contenttype", "pk": 80, "fields": {"app_label": "aldryn_newsblog", "model": "newsblogrelatedplugin"}}, {"model": "contenttypes.contenttype", "pk": 81, "fields": {"app_label": "aldryn_newsblog", "model": "newsblogtagsplugin"}}, {"model": "contenttypes.contenttype", "pk": 82, "fields": {"app_label": "aldryn_people", "model": "grouptranslation"}}, {"model": "contenttypes.contenttype", "pk": 83, "fields": {"app_label": "aldryn_people", "model": "group"}}, {"model": "contenttypes.contenttype", "pk": 84, "fields": {"app_label": "aldryn_people", "model": "persontranslation"}}, {"model": "contenttypes.contenttype", "pk": 85, "fields": {"app_label": "aldryn_people", "model": "person"}}, {"model": "contenttypes.contenttype", "pk": 86, "fields": {"app_label": "aldryn_people", "model": "peopleplugin"}}, {"model": "contenttypes.contenttype", "pk": 87, "fields": {"app_label": "taggit", "model": "tag"}}, {"model": "contenttypes.contenttype", "pk": 88, "fields": {"app_label": "taggit", "model": "taggeditem"}}, {"model": "contenttypes.contenttype", "pk": 89, "fields": {"app_label": "cmsplugin_tabs", "model": "tabheader"}}, {"model": "contenttypes.contenttype", "pk": 90, "fields": {"app_label": "cmsplugin_tabs", "model": "tab"}}, {"model": "sessions.session", "pk": "31d94e76w69xcm2bpqefmxrf0oe0pdaq", "fields": {"session_data": "MmYwZTdiNjAwMmQ5ODBmNDZmODdmOGY0NThhNjdmMGE4YmY2YTM0MDp7ImNtc190b29sYmFyX2Rpc2FibGVkIjpmYWxzZSwiX2F1dGhfdXNlcl9pZCI6IjEiLCJ3aXphcmRfd2l6YXJkX2NyZWF0ZV92aWV3Ijp7InN0ZXBfZmlsZXMiOnt9LCJzdGVwIjpudWxsLCJleHRyYV9kYXRhIjp7fSwic3RlcF9kYXRhIjp7fX0sIl9hdXRoX3VzZXJfYmFja2VuZCI6ImRqYW5nby5jb250cmliLmF1dGguYmFja2VuZHMuTW9kZWxCYWNrZW5kIiwiY21zX2VkaXQiOnRydWUsIl9hdXRoX3VzZXJfaGFzaCI6IjlmZWJjMzFhNDljNjc2YzJlMDEyZmE3MjE3ODM5Njg3ZmRlMzVjZGMifQ==", "expire_date": "2016-09-16T23:30:44.926Z"}}, {"model": "sessions.session", "pk": "csak1wkvkq5laynbtacwg2iz6ey7sdho", "fields": {"session_data": "MDAyNWZmYzYyNGNjNGE0OTk2MWI1MzJlZWI5NTBiYjdlYjgzNGRmZDp7ImNtc19hZG1pbl9zaXRlIjoxLCJfYXV0aF91c2VyX2lkIjoiMSIsImNtc190b29sYmFyX2Rpc2FibGVkIjpmYWxzZSwiX2F1dGhfdXNlcl9iYWNrZW5kIjoiZGphbmdvLmNvbnRyaWIuYXV0aC5iYWNrZW5kcy5Nb2RlbEJhY2tlbmQiLCJjbXNfYnVpbGQiOmZhbHNlLCJjbXNfZWRpdCI6dHJ1ZSwiX2F1dGhfdXNlcl9oYXNoIjoiOWZlYmMzMWE0OWM2NzZjMmUwMTJmYTcyMTc4Mzk2ODdmZGUzNWNkYyJ9", "expire_date": "2016-09-27T06:41:47.242Z"}}, {"model": "sites.site", "pk": 1, "fields": {"domain": "example.com", "name": "example.com"}}, {"model": "cms.page", "pk": 1, "fields": {"path": "0001", "depth": 1, "numchild": 0, "created_by": "script", "changed_by": "admin", "parent": null, "creation_date": "2016-09-02T23:25:28.693Z", "changed_date": "2016-09-12T05:27:23.024Z", "publication_date": "2016-09-02T23:25:29.707Z", "publication_end_date": null, "in_navigation": true, "soft_root": false, "reverse_id": null, "navigation_extenders": null, "template": "INHERIT", "site": 1, "login_required": false, "limit_visibility_in_menu": null, "is_home": true, "application_urls": null, "application_namespace": null, "publisher_is_draft": true, "publisher_public": 2, "languages": "en", "revision_id": 0, "xframe_options": 0, "placeholders": [9, 12]}}, {"model": "cms.page", "pk": 2, "fields": {"path": "0002", "depth": 1, "numchild": 0, "created_by": "script", "changed_by": "admin", "parent": null, "creation_date": "2016-09-02T23:25:29.725Z", "changed_date": "2016-09-12T05:27:22.970Z", "publication_date": "2016-09-02T23:25:29.707Z", "publication_end_date": null, "in_navigation": true, "soft_root": false, "reverse_id": null, "navigation_extenders": null, "template": "INHERIT", "site": 1, "login_required": false, "limit_visibility_in_menu": null, "is_home": true, "application_urls": null, "application_namespace": null, "publisher_is_draft": false, "publisher_public": 1, "languages": "en", "revision_id": 0, "xframe_options": 0, "placeholders": [10, 11]}}, {"model": "cms.page", "pk": 3, "fields": {"path": "0003", "depth": 1, "numchild": 0, "created_by": "admin", "changed_by": "admin", "parent": null, "creation_date": "2016-09-12T05:05:03.901Z", "changed_date": "2016-09-12T05:27:23.013Z", "publication_date": "2016-09-12T05:27:22.870Z", "publication_end_date": null, "in_navigation": true, "soft_root": false, "reverse_id": null, "navigation_extenders": null, "template": "INHERIT", "site": 1, "login_required": false, "limit_visibility_in_menu": null, "is_home": false, "application_urls": null, "application_namespace": null, "publisher_is_draft": true, "publisher_public": 4, "languages": "en", "revision_id": 0, "xframe_options": 0, "placeholders": [13, 14]}}, {"model": "cms.page", "pk": 4, "fields": {"path": "0004", "depth": 1, "numchild": 0, "created_by": "admin", "changed_by": "admin", "parent": null, "creation_date": "2016-09-12T05:27:22.876Z", "changed_date": "2016-09-12T05:27:22.926Z", "publication_date": "2016-09-12T05:27:22.870Z", "publication_end_date": null, "in_navigation": true, "soft_root": false, "reverse_id": null, "navigation_extenders": null, "template": "INHERIT", "site": 1, "login_required": false, "limit_visibility_in_menu": null, "is_home": false, "application_urls": null, "application_namespace": null, "publisher_is_draft": false, "publisher_public": 3, "languages": "en", "revision_id": 0, "xframe_options": 0, "placeholders": [15, 16]}}, {"model": "cms.placeholder", "pk": 1, "fields": {"slot": "clipboard", "default_width": null}}, {"model": "cms.placeholder", "pk": 2, "fields": {"slot": "newsblog_base_sidebar", "default_width": null}}, {"model": "cms.placeholder", "pk": 3, "fields": {"slot": "newsblog_base_top", "default_width": null}}, {"model": "cms.placeholder", "pk": 4, "fields": {"slot": "newsblog_detail_bottom", "default_width": null}}, {"model": "cms.placeholder", "pk": 5, "fields": {"slot": "newsblog_detail_footer", "default_width": null}}, {"model": "cms.placeholder", "pk": 6, "fields": {"slot": "newsblog_detail_top", "default_width": null}}, {"model": "cms.placeholder", "pk": 7, "fields": {"slot": "newsblog_list_footer", "default_width": null}}, {"model": "cms.placeholder", "pk": 8, "fields": {"slot": "newsblog_list_top", "default_width": null}}, {"model": "cms.placeholder", "pk": 9, "fields": {"slot": "content", "default_width": null}}, {"model": "cms.placeholder", "pk": 10, "fields": {"slot": "content", "default_width": null}}, {"model": "cms.placeholder", "pk": 11, "fields": {"slot": "header", "default_width": null}}, {"model": "cms.placeholder", "pk": 12, "fields": {"slot": "header", "default_width": null}}, {"model": "cms.placeholder", "pk": 13, "fields": {"slot": "content", "default_width": null}}, {"model": "cms.placeholder", "pk": 14, "fields": {"slot": "header", "default_width": null}}, {"model": "cms.placeholder", "pk": 15, "fields": {"slot": "content", "default_width": null}}, {"model": "cms.placeholder", "pk": 16, "fields": {"slot": "header", "default_width": null}}, {"model": "cms.cmsplugin", "pk": 1, "fields": {"path": "0001", "depth": 1, "numchild": 0, "placeholder": 9, "parent": null, "position": 0, "language": "en", "plugin_type": "TextPlugin", "creation_date": "2016-09-02T23:25:29.268Z", "changed_date": "2016-09-02T23:25:29.481Z"}}, {"model": "cms.cmsplugin", "pk": 2, "fields": {"path": "0002", "depth": 1, "numchild": 0, "placeholder": 10, "parent": null, "position": 0, "language": "en", "plugin_type": "TextPlugin", "creation_date": "2016-09-02T23:25:29.268Z", "changed_date": "2016-09-02T23:25:30.703Z"}}, {"model": "cms.cmsplugin", "pk": 4, "fields": {"path": "0003", "depth": 1, "numchild": 0, "placeholder": 9, "parent": null, "position": 1, "language": "en", "plugin_type": "TextPlugin", "creation_date": "2016-09-12T05:03:21.886Z", "changed_date": "2016-09-12T05:03:30.317Z"}}, {"model": "cms.title", "pk": 1, "fields": {"language": "en", "title": "Contact", "page_title": null, "menu_title": null, "meta_description": null, "slug": "contact", "path": "", "has_url_overwrite": false, "redirect": null, "page": 1, "creation_date": "2016-09-02T23:25:29.005Z", "published": true, "publisher_is_draft": true, "publisher_public": 2, "publisher_state": 1}}, {"model": "cms.title", "pk": 2, "fields": {"language": "en", "title": "Contact", "page_title": null, "menu_title": null, "meta_description": null, "slug": "contact", "path": "", "has_url_overwrite": false, "redirect": null, "page": 2, "creation_date": "2016-09-02T23:25:29.005Z", "published": true, "publisher_is_draft": false, "publisher_public": 1, "publisher_state": 1}}, {"model": "cms.title", "pk": 3, "fields": {"language": "en", "title": "home", "page_title": "home page title", "menu_title": "home menu title", "meta_description": "", "slug": "home-slug", "path": "home-slug", "has_url_overwrite": false, "redirect": null, "page": 3, "creation_date": "2016-09-12T05:05:03.924Z", "published": true, "publisher_is_draft": true, "publisher_public": 4, "publisher_state": 0}}, {"model": "cms.title", "pk": 4, "fields": {"language": "en", "title": "home", "page_title": "home page title", "menu_title": "home menu title", "meta_description": "", "slug": "home-slug", "path": "home-slug", "has_url_overwrite": false, "redirect": null, "page": 4, "creation_date": "2016-09-12T05:05:03.924Z", "published": true, "publisher_is_draft": false, "publisher_public": 3, "publisher_state": 0}}, {"model": "cms.urlconfrevision", "pk": 1, "fields": {"revision": "53ee2eb7-0808-4fbc-8a1e-6ebcebc09c3a"}}, {"model": "menus.cachekey", "pk": 12, "fields": {"language": "en", "site": 1, "key": "menu_cache_menu_nodes_en_1_1_user"}}, {"model": "menus.cachekey", "pk": 13, "fields": {"language": "en", "site": 1, "key": "menu_cache_menu_nodes_en_1"}}, {"model": "djangocms_text_ckeditor.text", "pk": 1, "fields": {"body": "<p>This is a content page</p>"}}, {"model": "djangocms_text_ckeditor.text", "pk": 2, "fields": {"body": "<p>This is a content page</p>"}}, {"model": "djangocms_text_ckeditor.text", "pk": 4, "fields": {"body": "<p>Text plugin\u00a0</p>"}}, {"model": "reversion.version", "pk": 1, "fields": {"revision": 1, "object_id": "1", "object_id_int": 1, "content_type": 2, "format": "json", "serialized_data": "[{\"model\": \"cms.page\", \"pk\": 1, \"fields\": {\"path\": \"0001\", \"depth\": 1, \"numchild\": 0, \"created_by\": \"script\", \"changed_by\": \"script\", \"parent\": null, \"creation_date\": \"2016-09-02T23:25:28.693Z\", \"changed_date\": \"2016-09-02T23:25:31.032Z\", \"publication_date\": \"2016-09-02T23:25:29.707Z\", \"publication_end_date\": null, \"in_navigation\": true, \"soft_root\": false, \"reverse_id\": null, \"navigation_extenders\": null, \"template\": \"INHERIT\", \"site\": 1, \"login_required\": false, \"limit_visibility_in_menu\": null, \"is_home\": true, \"application_urls\": null, \"application_namespace\": null, \"languages\": \"en\", \"revision_id\": 0, \"xframe_options\": 0, \"placeholders\": [9]}}]", "object_repr": "Contact"}}, {"model": "reversion.version", "pk": 2, "fields": {"revision": 1, "object_id": "1", "object_id_int": 1, "content_type": 16, "format": "json", "serialized_data": "[{\"model\": \"cms.title\", \"pk\": 1, \"fields\": {\"language\": \"en\", \"title\": \"Contact\", \"page_title\": null, \"menu_title\": null, \"meta_description\": null, \"slug\": \"contact\", \"path\": \"\", \"has_url_overwrite\": false, \"redirect\": null, \"page\": 1, \"creation_date\": \"2016-09-02T23:25:29.005Z\", \"published\": true}}]", "object_repr": "Contact (contact, en)"}}, {"model": "reversion.version", "pk": 3, "fields": {"revision": 1, "object_id": "1", "object_id_int": 1, "content_type": 15, "format": "json", "serialized_data": "[{\"model\": \"cms.cmsplugin\", \"pk\": 1, \"fields\": {\"path\": \"0001\", \"depth\": 1, \"numchild\": 0, \"placeholder\": 9, \"parent\": null, \"position\": 0, \"language\": \"en\", \"plugin_type\": \"TextPlugin\", \"creation_date\": \"2016-09-02T23:25:29.268Z\", \"changed_date\": \"2016-09-02T23:25:29.481Z\"}}]", "object_repr": "1"}}, {"model": "reversion.version", "pk": 4, "fields": {"revision": 1, "object_id": "9", "object_id_int": 9, "content_type": 1, "format": "json", "serialized_data": "[{\"model\": \"cms.placeholder\", \"pk\": 9, \"fields\": {\"slot\": \"content\", \"default_width\": null}}]", "object_repr": "content"}}, {"model": "reversion.version", "pk": 5, "fields": {"revision": 1, "object_id": "1", "object_id_int": 1, "content_type": 22, "format": "json", "serialized_data": "[{\"model\": \"djangocms_text_ckeditor.text\", \"pk\": 1, \"fields\": {\"body\": \"<p>This is a content page</p>\"}}]", "object_repr": "This is a..."}}, {"model": "reversion.version", "pk": 6, "fields": {"revision": 2, "object_id": "1", "object_id_int": 1, "content_type": 2, "format": "json", "serialized_data": "[{\"model\": \"cms.page\", \"pk\": 1, \"fields\": {\"path\": \"0001\", \"depth\": 1, \"numchild\": 0, \"created_by\": \"script\", \"changed_by\": \"script\", \"parent\": null, \"creation_date\": \"2016-09-02T23:25:28.693Z\", \"changed_date\": \"2016-09-02T23:25:31.457Z\", \"publication_date\": \"2016-09-02T23:25:29.707Z\", \"publication_end_date\": null, \"in_navigation\": true, \"soft_root\": false, \"reverse_id\": null, \"navigation_extenders\": null, \"template\": \"INHERIT\", \"site\": 1, \"login_required\": false, \"limit_visibility_in_menu\": null, \"is_home\": true, \"application_urls\": null, \"application_namespace\": null, \"languages\": \"en\", \"revision_id\": 0, \"xframe_options\": 0, \"placeholders\": [9, 12]}}]", "object_repr": "Contact"}}, {"model": "reversion.version", "pk": 7, "fields": {"revision": 2, "object_id": "3", "object_id_int": 3, "content_type": 22, "format": "json", "serialized_data": "[{\"model\": \"djangocms_text_ckeditor.text\", \"pk\": 3, \"fields\": {\"body\": \"<p>This is a text centent plugin</p>\"}}]", "object_repr": "This is a..."}}, {"model": "reversion.version", "pk": 8, "fields": {"revision": 2, "object_id": "1", "object_id_int": 1, "content_type": 22, "format": "json", "serialized_data": "[{\"model\": \"djangocms_text_ckeditor.text\", \"pk\": 1, \"fields\": {\"body\": \"<p>This is a content page</p>\"}}]", "object_repr": "This is a..."}}, {"model": "reversion.version", "pk": 9, "fields": {"revision": 2, "object_id": "1", "object_id_int": 1, "content_type": 15, "format": "json", "serialized_data": "[{\"model\": \"cms.cmsplugin\", \"pk\": 1, \"fields\": {\"path\": \"0001\", \"depth\": 1, \"numchild\": 0, \"placeholder\": 9, \"parent\": null, \"position\": 0, \"language\": \"en\", \"plugin_type\": \"TextPlugin\", \"creation_date\": \"2016-09-02T23:25:29.268Z\", \"changed_date\": \"2016-09-02T23:25:29.481Z\"}}]", "object_repr": "1"}}, {"model": "reversion.version", "pk": 10, "fields": {"revision": 2, "object_id": "9", "object_id_int": 9, "content_type": 1, "format": "json", "serialized_data": "[{\"model\": \"cms.placeholder\", \"pk\": 9, \"fields\": {\"slot\": \"content\", \"default_width\": null}}]", "object_repr": "content"}}, {"model": "reversion.version", "pk": 11, "fields": {"revision": 2, "object_id": "12", "object_id_int": 12, "content_type": 1, "format": "json", "serialized_data": "[{\"model\": \"cms.placeholder\", \"pk\": 12, \"fields\": {\"slot\": \"header\", \"default_width\": null}}]", "object_repr": "header"}}, {"model": "reversion.version", "pk": 12, "fields": {"revision": 2, "object_id": "3", "object_id_int": 3, "content_type": 15, "format": "json", "serialized_data": "[{\"model\": \"cms.cmsplugin\", \"pk\": 3, \"fields\": {\"path\": \"0003\", \"depth\": 1, \"numchild\": 0, \"placeholder\": 9, \"parent\": null, \"position\": 1, \"language\": \"en\", \"plugin_type\": \"TextPlugin\", \"creation_date\": \"2016-09-12T04:58:31.946Z\", \"changed_date\": \"2016-09-12T05:02:45.175Z\"}}]", "object_repr": "3"}}, {"model": "reversion.version", "pk": 13, "fields": {"revision": 2, "object_id": "1", "object_id_int": 1, "content_type": 16, "format": "json", "serialized_data": "[{\"model\": \"cms.title\", \"pk\": 1, \"fields\": {\"language\": \"en\", \"title\": \"Contact\", \"page_title\": null, \"menu_title\": null, \"meta_description\": null, \"slug\": \"contact\", \"path\": \"\", \"has_url_overwrite\": false, \"redirect\": null, \"page\": 1, \"creation_date\": \"2016-09-02T23:25:29.005Z\", \"published\": true}}]", "object_repr": "Contact (contact, en)"}}, {"model": "reversion.version", "pk": 14, "fields": {"revision": 3, "object_id": "1", "object_id_int": 1, "content_type": 2, "format": "json", "serialized_data": "[{\"model\": \"cms.page\", \"pk\": 1, \"fields\": {\"path\": \"0001\", \"depth\": 1, \"numchild\": 0, \"created_by\": \"script\", \"changed_by\": \"admin\", \"parent\": null, \"creation_date\": \"2016-09-02T23:25:28.693Z\", \"changed_date\": \"2016-09-12T05:03:03.972Z\", \"publication_date\": \"2016-09-02T23:25:29.707Z\", \"publication_end_date\": null, \"in_navigation\": true, \"soft_root\": false, \"reverse_id\": null, \"navigation_extenders\": null, \"template\": \"INHERIT\", \"site\": 1, \"login_required\": false, \"limit_visibility_in_menu\": null, \"is_home\": true, \"application_urls\": null, \"application_namespace\": null, \"languages\": \"en\", \"revision_id\": 0, \"xframe_options\": 0, \"placeholders\": [9, 12]}}]", "object_repr": "Contact"}}, {"model": "reversion.version", "pk": 15, "fields": {"revision": 3, "object_id": "1", "object_id_int": 1, "content_type": 22, "format": "json", "serialized_data": "[{\"model\": \"djangocms_text_ckeditor.text\", \"pk\": 1, \"fields\": {\"body\": \"<p>This is a content page</p>\"}}]", "object_repr": "This is a..."}}, {"model": "reversion.version", "pk": 16, "fields": {"revision": 3, "object_id": "1", "object_id_int": 1, "content_type": 16, "format": "json", "serialized_data": "[{\"model\": \"cms.title\", \"pk\": 1, \"fields\": {\"language\": \"en\", \"title\": \"Contact\", \"page_title\": null, \"menu_title\": null, \"meta_description\": null, \"slug\": \"contact\", \"path\": \"\", \"has_url_overwrite\": false, \"redirect\": null, \"page\": 1, \"creation_date\": \"2016-09-02T23:25:29.005Z\", \"published\": true}}]", "object_repr": "Contact (contact, en)"}}, {"model": "reversion.version", "pk": 17, "fields": {"revision": 3, "object_id": "9", "object_id_int": 9, "content_type": 1, "format": "json", "serialized_data": "[{\"model\": \"cms.placeholder\", \"pk\": 9, \"fields\": {\"slot\": \"content\", \"default_width\": null}}]", "object_repr": "content"}}, {"model": "reversion.version", "pk": 18, "fields": {"revision": 3, "object_id": "12", "object_id_int": 12, "content_type": 1, "format": "json", "serialized_data": "[{\"model\": \"cms.placeholder\", \"pk\": 12, \"fields\": {\"slot\": \"header\", \"default_width\": null}}]", "object_repr": "header"}}, {"model": "reversion.version", "pk": 19, "fields": {"revision": 3, "object_id": "1", "object_id_int": 1, "content_type": 15, "format": "json", "serialized_data": "[{\"model\": \"cms.cmsplugin\", \"pk\": 1, \"fields\": {\"path\": \"0001\", \"depth\": 1, \"numchild\": 0, \"placeholder\": 9, \"parent\": null, \"position\": 0, \"language\": \"en\", \"plugin_type\": \"TextPlugin\", \"creation_date\": \"2016-09-02T23:25:29.268Z\", \"changed_date\": \"2016-09-02T23:25:29.481Z\"}}]", "object_repr": "1"}}, {"model": "reversion.version", "pk": 20, "fields": {"revision": 4, "object_id": "1", "object_id_int": 1, "content_type": 2, "format": "json", "serialized_data": "[{\"model\": \"cms.page\", \"pk\": 1, \"fields\": {\"path\": \"0001\", \"depth\": 1, \"numchild\": 0, \"created_by\": \"script\", \"changed_by\": \"admin\", \"parent\": null, \"creation_date\": \"2016-09-02T23:25:28.693Z\", \"changed_date\": \"2016-09-12T05:03:04.353Z\", \"publication_date\": \"2016-09-02T23:25:29.707Z\", \"publication_end_date\": null, \"in_navigation\": true, \"soft_root\": false, \"reverse_id\": null, \"navigation_extenders\": null, \"template\": \"INHERIT\", \"site\": 1, \"login_required\": false, \"limit_visibility_in_menu\": null, \"is_home\": true, \"application_urls\": null, \"application_namespace\": null, \"languages\": \"en\", \"revision_id\": 0, \"xframe_options\": 0, \"placeholders\": [9, 12]}}]", "object_repr": "Contact"}}, {"model": "reversion.version", "pk": 21, "fields": {"revision": 4, "object_id": "4", "object_id_int": 4, "content_type": 22, "format": "json", "serialized_data": "[{\"model\": \"djangocms_text_ckeditor.text\", \"pk\": 4, \"fields\": {\"body\": \"<p>Text plugin\\u00a0</p>\"}}]", "object_repr": "Text plugin"}}, {"model": "reversion.version", "pk": 22, "fields": {"revision": 4, "object_id": "1", "object_id_int": 1, "content_type": 15, "format": "json", "serialized_data": "[{\"model\": \"cms.cmsplugin\", \"pk\": 1, \"fields\": {\"path\": \"0001\", \"depth\": 1, \"numchild\": 0, \"placeholder\": 9, \"parent\": null, \"position\": 0, \"language\": \"en\", \"plugin_type\": \"TextPlugin\", \"creation_date\": \"2016-09-02T23:25:29.268Z\", \"changed_date\": \"2016-09-02T23:25:29.481Z\"}}]", "object_repr": "1"}}, {"model": "reversion.version", "pk": 23, "fields": {"revision": 4, "object_id": "9", "object_id_int": 9, "content_type": 1, "format": "json", "serialized_data": "[{\"model\": \"cms.placeholder\", \"pk\": 9, \"fields\": {\"slot\": \"content\", \"default_width\": null}}]", "object_repr": "content"}}, {"model": "reversion.version", "pk": 24, "fields": {"revision": 4, "object_id": "1", "object_id_int": 1, "content_type": 16, "format": "json", "serialized_data": "[{\"model\": \"cms.title\", \"pk\": 1, \"fields\": {\"language\": \"en\", \"title\": \"Contact\", \"page_title\": null, \"menu_title\": null, \"meta_description\": null, \"slug\": \"contact\", \"path\": \"\", \"has_url_overwrite\": false, \"redirect\": null, \"page\": 1, \"creation_date\": \"2016-09-02T23:25:29.005Z\", \"published\": true}}]", "object_repr": "Contact (contact, en)"}}, {"model": "reversion.version", "pk": 25, "fields": {"revision": 4, "object_id": "12", "object_id_int": 12, "content_type": 1, "format": "json", "serialized_data": "[{\"model\": \"cms.placeholder\", \"pk\": 12, \"fields\": {\"slot\": \"header\", \"default_width\": null}}]", "object_repr": "header"}}, {"model": "reversion.version", "pk": 26, "fields": {"revision": 4, "object_id": "1", "object_id_int": 1, "content_type": 22, "format": "json", "serialized_data": "[{\"model\": \"djangocms_text_ckeditor.text\", \"pk\": 1, \"fields\": {\"body\": \"<p>This is a content page</p>\"}}]", "object_repr": "This is a..."}}, {"model": "reversion.version", "pk": 27, "fields": {"revision": 4, "object_id": "4", "object_id_int": 4, "content_type": 15, "format": "json", "serialized_data": "[{\"model\": \"cms.cmsplugin\", \"pk\": 4, \"fields\": {\"path\": \"0003\", \"depth\": 1, \"numchild\": 0, \"placeholder\": 9, \"parent\": null, \"position\": 1, \"language\": \"en\", \"plugin_type\": \"TextPlugin\", \"creation_date\": \"2016-09-12T05:03:21.886Z\", \"changed_date\": \"2016-09-12T05:03:30.317Z\"}}]", "object_repr": "4"}}, {"model": "reversion.version", "pk": 28, "fields": {"revision": 5, "object_id": "3", "object_id_int": 3, "content_type": 16, "format": "json", "serialized_data": "[{\"model\": \"cms.title\", \"pk\": 3, \"fields\": {\"language\": \"en\", \"title\": \"home\", \"page_title\": \"home page title\", \"menu_title\": \"home menu title\", \"meta_description\": \"\", \"slug\": \"home-slug\", \"path\": \"home-slug\", \"has_url_overwrite\": false, \"redirect\": null, \"page\": 3, \"creation_date\": \"2016-09-12T05:05:03.924Z\", \"published\": false}}]", "object_repr": "home (home-slug, en)"}}, {"model": "reversion.version", "pk": 29, "fields": {"revision": 5, "object_id": "3", "object_id_int": 3, "content_type": 2, "format": "json", "serialized_data": "[{\"model\": \"cms.page\", \"pk\": 3, \"fields\": {\"path\": \"0003\", \"depth\": 1, \"numchild\": 0, \"created_by\": \"admin\", \"changed_by\": \"admin\", \"parent\": null, \"creation_date\": \"2016-09-12T05:05:03.901Z\", \"changed_date\": \"2016-09-12T05:05:03.926Z\", \"publication_date\": null, \"publication_end_date\": null, \"in_navigation\": true, \"soft_root\": false, \"reverse_id\": null, \"navigation_extenders\": null, \"template\": \"INHERIT\", \"site\": 1, \"login_required\": false, \"limit_visibility_in_menu\": null, \"is_home\": false, \"application_urls\": null, \"application_namespace\": null, \"languages\": \"en\", \"revision_id\": 0, \"xframe_options\": 0, \"placeholders\": [13, 14]}}]", "object_repr": "home menu title"}}, {"model": "reversion.version", "pk": 30, "fields": {"revision": 5, "object_id": "13", "object_id_int": 13, "content_type": 1, "format": "json", "serialized_data": "[{\"model\": \"cms.placeholder\", \"pk\": 13, \"fields\": {\"slot\": \"content\", \"default_width\": null}}]", "object_repr": "content"}}, {"model": "reversion.version", "pk": 31, "fields": {"revision": 5, "object_id": "14", "object_id_int": 14, "content_type": 1, "format": "json", "serialized_data": "[{\"model\": \"cms.placeholder\", \"pk\": 14, \"fields\": {\"slot\": \"header\", \"default_width\": null}}]", "object_repr": "header"}}, {"model": "reversion.version", "pk": 32, "fields": {"revision": 6, "object_id": "3", "object_id_int": 3, "content_type": 16, "format": "json", "serialized_data": "[{\"model\": \"cms.title\", \"pk\": 3, \"fields\": {\"language\": \"en\", \"title\": \"home\", \"page_title\": \"home page title\", \"menu_title\": \"home menu title\", \"meta_description\": \"\", \"slug\": \"home-slug\", \"path\": \"home-slug\", \"has_url_overwrite\": false, \"redirect\": null, \"page\": 3, \"creation_date\": \"2016-09-12T05:05:03.924Z\", \"published\": true}}]", "object_repr": "home (home-slug, en)"}}, {"model": "reversion.version", "pk": 33, "fields": {"revision": 6, "object_id": "3", "object_id_int": 3, "content_type": 2, "format": "json", "serialized_data": "[{\"model\": \"cms.page\", \"pk\": 3, \"fields\": {\"path\": \"0003\", \"depth\": 1, \"numchild\": 0, \"created_by\": \"admin\", \"changed_by\": \"admin\", \"parent\": null, \"creation_date\": \"2016-09-12T05:05:03.901Z\", \"changed_date\": \"2016-09-12T05:27:22.980Z\", \"publication_date\": \"2016-09-12T05:27:22.870Z\", \"publication_end_date\": null, \"in_navigation\": true, \"soft_root\": false, \"reverse_id\": null, \"navigation_extenders\": null, \"template\": \"INHERIT\", \"site\": 1, \"login_required\": false, \"limit_visibility_in_menu\": null, \"is_home\": false, \"application_urls\": null, \"application_namespace\": null, \"languages\": \"en\", \"revision_id\": 0, \"xframe_options\": 0, \"placeholders\": [13, 14]}}]", "object_repr": "home menu title"}}, {"model": "reversion.version", "pk": 34, "fields": {"revision": 6, "object_id": "13", "object_id_int": 13, "content_type": 1, "format": "json", "serialized_data": "[{\"model\": \"cms.placeholder\", \"pk\": 13, \"fields\": {\"slot\": \"content\", \"default_width\": null}}]", "object_repr": "content"}}, {"model": "reversion.version", "pk": 35, "fields": {"revision": 6, "object_id": "14", "object_id_int": 14, "content_type": 1, "format": "json", "serialized_data": "[{\"model\": \"cms.placeholder\", \"pk\": 14, \"fields\": {\"slot\": \"header\", \"default_width\": null}}]", "object_repr": "header"}}, {"model": "aldryn_newsblog.newsblogconfigtranslation", "pk": 1, "fields": {"language_code": "en", "app_title": "News & Blog", "master": 1}}, {"model": "aldryn_newsblog.newsblogconfig", "pk": 1, "fields": {"type": "aldryn_newsblog.cms_appconfig.NewsBlogConfig", "namespace": "aldryn_newsblog_default", "app_data": "{}", "permalink_type": "slug", "non_permalink_handling": 302, "paginate_by": 5, "pagination_pages_start": 10, "pagination_pages_visible": 4, "exclude_featured": 0, "template_prefix": null, "create_authors": true, "search_indexed": true, "placeholder_base_top": 3, "placeholder_base_sidebar": 2, "placeholder_list_top": 8, "placeholder_list_footer": 7, "placeholder_detail_top": 6, "placeholder_detail_bottom": 4, "placeholder_detail_footer": 5}}, {"model": "auth.permission", "pk": 1, "fields": {"name": "Can use Structure mode", "content_type": 1, "codename": "use_structure"}}, {"model": "auth.permission", "pk": 2, "fields": {"name": "Can change page", "content_type": 2, "codename": "change_page"}}, {"model": "auth.permission", "pk": 3, "fields": {"name": "Can add permission", "content_type": 3, "codename": "add_permission"}}, {"model": "auth.permission", "pk": 4, "fields": {"name": "Can change permission", "content_type": 3, "codename": "change_permission"}}, {"model": "auth.permission", "pk": 5, "fields": {"name": "Can delete permission", "content_type": 3, "codename": "delete_permission"}}, {"model": "auth.permission", "pk": 6, "fields": {"name": "Can add group", "content_type": 4, "codename": "add_group"}}, {"model": "auth.permission", "pk": 7, "fields": {"name": "Can change group", "content_type": 4, "codename": "change_group"}}, {"model": "auth.permission", "pk": 8, "fields": {"name": "Can delete group", "content_type": 4, "codename": "delete_group"}}, {"model": "auth.permission", "pk": 9, "fields": {"name": "Can add user", "content_type": 5, "codename": "add_user"}}, {"model": "auth.permission", "pk": 10, "fields": {"name": "Can change user", "content_type": 5, "codename": "change_user"}}, {"model": "auth.permission", "pk": 11, "fields": {"name": "Can delete user", "content_type": 5, "codename": "delete_user"}}, {"model": "auth.permission", "pk": 12, "fields": {"name": "Can add content type", "content_type": 6, "codename": "add_contenttype"}}, {"model": "auth.permission", "pk": 13, "fields": {"name": "Can change content type", "content_type": 6, "codename": "change_contenttype"}}, {"model": "auth.permission", "pk": 14, "fields": {"name": "Can delete content type", "content_type": 6, "codename": "delete_contenttype"}}, {"model": "auth.permission", "pk": 15, "fields": {"name": "Can add session", "content_type": 7, "codename": "add_session"}}, {"model": "auth.permission", "pk": 16, "fields": {"name": "Can change session", "content_type": 7, "codename": "change_session"}}, {"model": "auth.permission", "pk": 17, "fields": {"name": "Can delete session", "content_type": 7, "codename": "delete_session"}}, {"model": "auth.permission", "pk": 18, "fields": {"name": "Can add log entry", "content_type": 8, "codename": "add_logentry"}}, {"model": "auth.permission", "pk": 19, "fields": {"name": "Can change log entry", "content_type": 8, "codename": "change_logentry"}}, {"model": "auth.permission", "pk": 20, "fields": {"name": "Can delete log entry", "content_type": 8, "codename": "delete_logentry"}}, {"model": "auth.permission", "pk": 21, "fields": {"name": "Can add site", "content_type": 9, "codename": "add_site"}}, {"model": "auth.permission", "pk": 22, "fields": {"name": "Can change site", "content_type": 9, "codename": "change_site"}}, {"model": "auth.permission", "pk": 23, "fields": {"name": "Can delete site", "content_type": 9, "codename": "delete_site"}}, {"model": "auth.permission", "pk": 24, "fields": {"name": "Can add user setting", "content_type": 10, "codename": "add_usersettings"}}, {"model": "auth.permission", "pk": 25, "fields": {"name": "Can change user setting", "content_type": 10, "codename": "change_usersettings"}}, {"model": "auth.permission", "pk": 26, "fields": {"name": "Can delete user setting", "content_type": 10, "codename": "delete_usersettings"}}, {"model": "auth.permission", "pk": 27, "fields": {"name": "Can add page", "content_type": 2, "codename": "add_page"}}, {"model": "auth.permission", "pk": 28, "fields": {"name": "Can delete page", "content_type": 2, "codename": "delete_page"}}, {"model": "auth.permission", "pk": 29, "fields": {"name": "Can view page", "content_type": 2, "codename": "view_page"}}, {"model": "auth.permission", "pk": 30, "fields": {"name": "Can publish page", "content_type": 2, "codename": "publish_page"}}, {"model": "auth.permission", "pk": 31, "fields": {"name": "Can edit static placeholders", "content_type": 2, "codename": "edit_static_placeholder"}}, {"model": "auth.permission", "pk": 32, "fields": {"name": "Can add Page global permission", "content_type": 11, "codename": "add_globalpagepermission"}}, {"model": "auth.permission", "pk": 33, "fields": {"name": "Can change Page global permission", "content_type": 11, "codename": "change_globalpagepermission"}}, {"model": "auth.permission", "pk": 34, "fields": {"name": "Can delete Page global permission", "content_type": 11, "codename": "delete_globalpagepermission"}}, {"model": "auth.permission", "pk": 35, "fields": {"name": "Can add Page permission", "content_type": 12, "codename": "add_pagepermission"}}, {"model": "auth.permission", "pk": 36, "fields": {"name": "Can change Page permission", "content_type": 12, "codename": "change_pagepermission"}}, {"model": "auth.permission", "pk": 37, "fields": {"name": "Can delete Page permission", "content_type": 12, "codename": "delete_pagepermission"}}, {"model": "auth.permission", "pk": 38, "fields": {"name": "Can add User (page)", "content_type": 13, "codename": "add_pageuser"}}, {"model": "auth.permission", "pk": 39, "fields": {"name": "Can change User (page)", "content_type": 13, "codename": "change_pageuser"}}, {"model": "auth.permission", "pk": 40, "fields": {"name": "Can delete User (page)", "content_type": 13, "codename": "delete_pageuser"}}, {"model": "auth.permission", "pk": 41, "fields": {"name": "Can add User group (page)", "content_type": 14, "codename": "add_pageusergroup"}}, {"model": "auth.permission", "pk": 42, "fields": {"name": "Can change User group (page)", "content_type": 14, "codename": "change_pageusergroup"}}, {"model": "auth.permission", "pk": 43, "fields": {"name": "Can delete User group (page)", "content_type": 14, "codename": "delete_pageusergroup"}}, {"model": "auth.permission", "pk": 44, "fields": {"name": "Can add placeholder", "content_type": 1, "codename": "add_placeholder"}}, {"model": "auth.permission", "pk": 45, "fields": {"name": "Can change placeholder", "content_type": 1, "codename": "change_placeholder"}}, {"model": "auth.permission", "pk": 46, "fields": {"name": "Can delete placeholder", "content_type": 1, "codename": "delete_placeholder"}}, {"model": "auth.permission", "pk": 47, "fields": {"name": "Can add cms plugin", "content_type": 15, "codename": "add_cmsplugin"}}, {"model": "auth.permission", "pk": 48, "fields": {"name": "Can change cms plugin", "content_type": 15, "codename": "change_cmsplugin"}}, {"model": "auth.permission", "pk": 49, "fields": {"name": "Can delete cms plugin", "content_type": 15, "codename": "delete_cmsplugin"}}, {"model": "auth.permission", "pk": 50, "fields": {"name": "Can add title", "content_type": 16, "codename": "add_title"}}, {"model": "auth.permission", "pk": 51, "fields": {"name": "Can change title", "content_type": 16, "codename": "change_title"}}, {"model": "auth.permission", "pk": 52, "fields": {"name": "Can delete title", "content_type": 16, "codename": "delete_title"}}, {"model": "auth.permission", "pk": 53, "fields": {"name": "Can add placeholder reference", "content_type": 17, "codename": "add_placeholderreference"}}, {"model": "auth.permission", "pk": 54, "fields": {"name": "Can change placeholder reference", "content_type": 17, "codename": "change_placeholderreference"}}, {"model": "auth.permission", "pk": 55, "fields": {"name": "Can delete placeholder reference", "content_type": 17, "codename": "delete_placeholderreference"}}, {"model": "auth.permission", "pk": 56, "fields": {"name": "Can add static placeholder", "content_type": 18, "codename": "add_staticplaceholder"}}, {"model": "auth.permission", "pk": 57, "fields": {"name": "Can change static placeholder", "content_type": 18, "codename": "change_staticplaceholder"}}, {"model": "auth.permission", "pk": 58, "fields": {"name": "Can delete static placeholder", "content_type": 18, "codename": "delete_staticplaceholder"}}, {"model": "auth.permission", "pk": 59, "fields": {"name": "Can add alias plugin model", "content_type": 19, "codename": "add_aliaspluginmodel"}}, {"model": "auth.permission", "pk": 60, "fields": {"name": "Can change alias plugin model", "content_type": 19, "codename": "change_aliaspluginmodel"}}, {"model": "auth.permission", "pk": 61, "fields": {"name": "Can delete alias plugin model", "content_type": 19, "codename": "delete_aliaspluginmodel"}}, {"model": "auth.permission", "pk": 62, "fields": {"name": "Can add urlconf revision", "content_type": 20, "codename": "add_urlconfrevision"}}, {"model": "auth.permission", "pk": 63, "fields": {"name": "Can change urlconf revision", "content_type": 20, "codename": "change_urlconfrevision"}}, {"model": "auth.permission", "pk": 64, "fields": {"name": "Can delete urlconf revision", "content_type": 20, "codename": "delete_urlconfrevision"}}, {"model": "auth.permission", "pk": 65, "fields": {"name": "Can add cache key", "content_type": 21, "codename": "add_cachekey"}}, {"model": "auth.permission", "pk": 66, "fields": {"name": "Can change cache key", "content_type": 21, "codename": "change_cachekey"}}, {"model": "auth.permission", "pk": 67, "fields": {"name": "Can delete cache key", "content_type": 21, "codename": "delete_cachekey"}}, {"model": "auth.permission", "pk": 68, "fields": {"name": "Can add text", "content_type": 22, "codename": "add_text"}}, {"model": "auth.permission", "pk": 69, "fields": {"name": "Can change text", "content_type": 22, "codename": "change_text"}}, {"model": "auth.permission", "pk": 70, "fields": {"name": "Can delete text", "content_type": 22, "codename": "delete_text"}}, {"model": "auth.permission", "pk": 71, "fields": {"name": "Can add style", "content_type": 23, "codename": "add_style"}}, {"model": "auth.permission", "pk": 72, "fields": {"name": "Can change style", "content_type": 23, "codename": "change_style"}}, {"model": "auth.permission", "pk": 73, "fields": {"name": "Can delete style", "content_type": 23, "codename": "delete_style"}}, {"model": "auth.permission", "pk": 74, "fields": {"name": "Can add multi columns", "content_type": 24, "codename": "add_multicolumns"}}, {"model": "auth.permission", "pk": 75, "fields": {"name": "Can change multi columns", "content_type": 24, "codename": "change_multicolumns"}}, {"model": "auth.permission", "pk": 76, "fields": {"name": "Can delete multi columns", "content_type": 24, "codename": "delete_multicolumns"}}, {"model": "auth.permission", "pk": 77, "fields": {"name": "Can add column", "content_type": 25, "codename": "add_column"}}, {"model": "auth.permission", "pk": 78, "fields": {"name": "Can change column", "content_type": 25, "codename": "change_column"}}, {"model": "auth.permission", "pk": 79, "fields": {"name": "Can delete column", "content_type": 25, "codename": "delete_column"}}, {"model": "auth.permission", "pk": 80, "fields": {"name": "Can add Folder", "content_type": 26, "codename": "add_folder"}}, {"model": "auth.permission", "pk": 81, "fields": {"name": "Can change Folder", "content_type": 26, "codename": "change_folder"}}, {"model": "auth.permission", "pk": 82, "fields": {"name": "Can delete Folder", "content_type": 26, "codename": "delete_folder"}}, {"model": "auth.permission", "pk": 83, "fields": {"name": "Can use directory listing", "content_type": 26, "codename": "can_use_directory_listing"}}, {"model": "auth.permission", "pk": 84, "fields": {"name": "Can add folder permission", "content_type": 27, "codename": "add_folderpermission"}}, {"model": "auth.permission", "pk": 85, "fields": {"name": "Can change folder permission", "content_type": 27, "codename": "change_folderpermission"}}, {"model": "auth.permission", "pk": 86, "fields": {"name": "Can delete folder permission", "content_type": 27, "codename": "delete_folderpermission"}}, {"model": "auth.permission", "pk": 87, "fields": {"name": "Can add file", "content_type": 28, "codename": "add_file"}}, {"model": "auth.permission", "pk": 88, "fields": {"name": "Can change file", "content_type": 28, "codename": "change_file"}}, {"model": "auth.permission", "pk": 89, "fields": {"name": "Can delete file", "content_type": 28, "codename": "delete_file"}}, {"model": "auth.permission", "pk": 90, "fields": {"name": "Can add clipboard", "content_type": 29, "codename": "add_clipboard"}}, {"model": "auth.permission", "pk": 91, "fields": {"name": "Can change clipboard", "content_type": 29, "codename": "change_clipboard"}}, {"model": "auth.permission", "pk": 92, "fields": {"name": "Can delete clipboard", "content_type": 29, "codename": "delete_clipboard"}}, {"model": "auth.permission", "pk": 93, "fields": {"name": "Can add clipboard item", "content_type": 30, "codename": "add_clipboarditem"}}, {"model": "auth.permission", "pk": 94, "fields": {"name": "Can change clipboard item", "content_type": 30, "codename": "change_clipboarditem"}}, {"model": "auth.permission", "pk": 95, "fields": {"name": "Can delete clipboard item", "content_type": 30, "codename": "delete_clipboarditem"}}, {"model": "auth.permission", "pk": 96, "fields": {"name": "Can add image", "content_type": 31, "codename": "add_image"}}, {"model": "auth.permission", "pk": 97, "fields": {"name": "Can change image", "content_type": 31, "codename": "change_image"}}, {"model": "auth.permission", "pk": 98, "fields": {"name": "Can delete image", "content_type": 31, "codename": "delete_image"}}, {"model": "auth.permission", "pk": 99, "fields": {"name": "Can add thumbnail option", "content_type": 32, "codename": "add_thumbnailoption"}}, {"model": "auth.permission", "pk": 100, "fields": {"name": "Can change thumbnail option", "content_type": 32, "codename": "change_thumbnailoption"}}, {"model": "auth.permission", "pk": 101, "fields": {"name": "Can delete thumbnail option", "content_type": 32, "codename": "delete_thumbnailoption"}}, {"model": "auth.permission", "pk": 102, "fields": {"name": "Can add source", "content_type": 33, "codename": "add_source"}}, {"model": "auth.permission", "pk": 103, "fields": {"name": "Can change source", "content_type": 33, "codename": "change_source"}}, {"model": "auth.permission", "pk": 104, "fields": {"name": "Can delete source", "content_type": 33, "codename": "delete_source"}}, {"model": "auth.permission", "pk": 105, "fields": {"name": "Can add thumbnail", "content_type": 34, "codename": "add_thumbnail"}}, {"model": "auth.permission", "pk": 106, "fields": {"name": "Can change thumbnail", "content_type": 34, "codename": "change_thumbnail"}}, {"model": "auth.permission", "pk": 107, "fields": {"name": "Can delete thumbnail", "content_type": 34, "codename": "delete_thumbnail"}}, {"model": "auth.permission", "pk": 108, "fields": {"name": "Can add thumbnail dimensions", "content_type": 35, "codename": "add_thumbnaildimensions"}}, {"model": "auth.permission", "pk": 109, "fields": {"name": "Can change thumbnail dimensions", "content_type": 35, "codename": "change_thumbnaildimensions"}}, {"model": "auth.permission", "pk": 110, "fields": {"name": "Can delete thumbnail dimensions", "content_type": 35, "codename": "delete_thumbnaildimensions"}}, {"model": "auth.permission", "pk": 111, "fields": {"name": "Can add filer image", "content_type": 36, "codename": "add_filerimage"}}, {"model": "auth.permission", "pk": 112, "fields": {"name": "Can change filer image", "content_type": 36, "codename": "change_filerimage"}}, {"model": "auth.permission", "pk": 113, "fields": {"name": "Can delete filer image", "content_type": 36, "codename": "delete_filerimage"}}, {"model": "auth.permission", "pk": 114, "fields": {"name": "Can add filer file", "content_type": 37, "codename": "add_filerfile"}}, {"model": "auth.permission", "pk": 115, "fields": {"name": "Can change filer file", "content_type": 37, "codename": "change_filerfile"}}, {"model": "auth.permission", "pk": 116, "fields": {"name": "Can delete filer file", "content_type": 37, "codename": "delete_filerfile"}}, {"model": "auth.permission", "pk": 117, "fields": {"name": "Can add filer folder", "content_type": 38, "codename": "add_filerfolder"}}, {"model": "auth.permission", "pk": 118, "fields": {"name": "Can change filer folder", "content_type": 38, "codename": "change_filerfolder"}}, {"model": "auth.permission", "pk": 119, "fields": {"name": "Can delete filer folder", "content_type": 38, "codename": "delete_filerfolder"}}, {"model": "auth.permission", "pk": 120, "fields": {"name": "Can add filer teaser", "content_type": 39, "codename": "add_filerteaser"}}, {"model": "auth.permission", "pk": 121, "fields": {"name": "Can change filer teaser", "content_type": 39, "codename": "change_filerteaser"}}, {"model": "auth.permission", "pk": 122, "fields": {"name": "Can delete filer teaser", "content_type": 39, "codename": "delete_filerteaser"}}, {"model": "auth.permission", "pk": 123, "fields": {"name": "Can add filer video", "content_type": 40, "codename": "add_filervideo"}}, {"model": "auth.permission", "pk": 124, "fields": {"name": "Can change filer video", "content_type": 40, "codename": "change_filervideo"}}, {"model": "auth.permission", "pk": 125, "fields": {"name": "Can delete filer video", "content_type": 40, "codename": "delete_filervideo"}}, {"model": "auth.permission", "pk": 126, "fields": {"name": "Can add google map", "content_type": 41, "codename": "add_googlemap"}}, {"model": "auth.permission", "pk": 127, "fields": {"name": "Can change google map", "content_type": 41, "codename": "change_googlemap"}}, {"model": "auth.permission", "pk": 128, "fields": {"name": "Can delete google map", "content_type": 41, "codename": "delete_googlemap"}}, {"model": "auth.permission", "pk": 129, "fields": {"name": "Can add inherit page placeholder", "content_type": 42, "codename": "add_inheritpageplaceholder"}}, {"model": "auth.permission", "pk": 130, "fields": {"name": "Can change inherit page placeholder", "content_type": 42, "codename": "change_inheritpageplaceholder"}}, {"model": "auth.permission", "pk": 131, "fields": {"name": "Can delete inherit page placeholder", "content_type": 42, "codename": "delete_inheritpageplaceholder"}}, {"model": "auth.permission", "pk": 132, "fields": {"name": "Can add link", "content_type": 43, "codename": "add_link"}}, {"model": "auth.permission", "pk": 133, "fields": {"name": "Can change link", "content_type": 43, "codename": "change_link"}}, {"model": "auth.permission", "pk": 134, "fields": {"name": "Can delete link", "content_type": 43, "codename": "delete_link"}}, {"model": "auth.permission", "pk": 135, "fields": {"name": "Can add revision", "content_type": 44, "codename": "add_revision"}}, {"model": "auth.permission", "pk": 136, "fields": {"name": "Can change revision", "content_type": 44, "codename": "change_revision"}}, {"model": "auth.permission", "pk": 137, "fields": {"name": "Can delete revision", "content_type": 44, "codename": "delete_revision"}}, {"model": "auth.permission", "pk": 138, "fields": {"name": "Can add version", "content_type": 45, "codename": "add_version"}}, {"model": "auth.permission", "pk": 139, "fields": {"name": "Can change version", "content_type": 45, "codename": "change_version"}}, {"model": "auth.permission", "pk": 140, "fields": {"name": "Can delete version", "content_type": 45, "codename": "delete_version"}}, {"model": "auth.permission", "pk": 141, "fields": {"name": "Can add boostrap3 button plugin", "content_type": 46, "codename": "add_boostrap3buttonplugin"}}, {"model": "auth.permission", "pk": 142, "fields": {"name": "Can change boostrap3 button plugin", "content_type": 46, "codename": "change_boostrap3buttonplugin"}}, {"model": "auth.permission", "pk": 143, "fields": {"name": "Can delete boostrap3 button plugin", "content_type": 46, "codename": "delete_boostrap3buttonplugin"}}, {"model": "auth.permission", "pk": 144, "fields": {"name": "Can add boostrap3 blockquote plugin", "content_type": 47, "codename": "add_boostrap3blockquoteplugin"}}, {"model": "auth.permission", "pk": 145, "fields": {"name": "Can change boostrap3 blockquote plugin", "content_type": 47, "codename": "change_boostrap3blockquoteplugin"}}, {"model": "auth.permission", "pk": 146, "fields": {"name": "Can delete boostrap3 blockquote plugin", "content_type": 47, "codename": "delete_boostrap3blockquoteplugin"}}, {"model": "auth.permission", "pk": 147, "fields": {"name": "Can add boostrap3 icon plugin", "content_type": 48, "codename": "add_boostrap3iconplugin"}}, {"model": "auth.permission", "pk": 148, "fields": {"name": "Can change boostrap3 icon plugin", "content_type": 48, "codename": "change_boostrap3iconplugin"}}, {"model": "auth.permission", "pk": 149, "fields": {"name": "Can delete boostrap3 icon plugin", "content_type": 48, "codename": "delete_boostrap3iconplugin"}}, {"model": "auth.permission", "pk": 150, "fields": {"name": "Can add boostrap3 label plugin", "content_type": 49, "codename": "add_boostrap3labelplugin"}}, {"model": "auth.permission", "pk": 151, "fields": {"name": "Can change boostrap3 label plugin", "content_type": 49, "codename": "change_boostrap3labelplugin"}}, {"model": "auth.permission", "pk": 152, "fields": {"name": "Can delete boostrap3 label plugin", "content_type": 49, "codename": "delete_boostrap3labelplugin"}}, {"model": "auth.permission", "pk": 153, "fields": {"name": "Can add boostrap3 well plugin", "content_type": 50, "codename": "add_boostrap3wellplugin"}}, {"model": "auth.permission", "pk": 154, "fields": {"name": "Can change boostrap3 well plugin", "content_type": 50, "codename": "change_boostrap3wellplugin"}}, {"model": "auth.permission", "pk": 155, "fields": {"name": "Can delete boostrap3 well plugin", "content_type": 50, "codename": "delete_boostrap3wellplugin"}}, {"model": "auth.permission", "pk": 156, "fields": {"name": "Can add boostrap3 alert plugin", "content_type": 51, "codename": "add_boostrap3alertplugin"}}, {"model": "auth.permission", "pk": 157, "fields": {"name": "Can change boostrap3 alert plugin", "content_type": 51, "codename": "change_boostrap3alertplugin"}}, {"model": "auth.permission", "pk": 158, "fields": {"name": "Can delete boostrap3 alert plugin", "content_type": 51, "codename": "delete_boostrap3alertplugin"}}, {"model": "auth.permission", "pk": 159, "fields": {"name": "Can add boostrap3 image plugin", "content_type": 52, "codename": "add_boostrap3imageplugin"}}, {"model": "auth.permission", "pk": 160, "fields": {"name": "Can change boostrap3 image plugin", "content_type": 52, "codename": "change_boostrap3imageplugin"}}, {"model": "auth.permission", "pk": 161, "fields": {"name": "Can delete boostrap3 image plugin", "content_type": 52, "codename": "delete_boostrap3imageplugin"}}, {"model": "auth.permission", "pk": 162, "fields": {"name": "Can add boostrap3 spacer plugin", "content_type": 53, "codename": "add_boostrap3spacerplugin"}}, {"model": "auth.permission", "pk": 163, "fields": {"name": "Can change boostrap3 spacer plugin", "content_type": 53, "codename": "change_boostrap3spacerplugin"}}, {"model": "auth.permission", "pk": 164, "fields": {"name": "Can delete boostrap3 spacer plugin", "content_type": 53, "codename": "delete_boostrap3spacerplugin"}}, {"model": "auth.permission", "pk": 165, "fields": {"name": "Can add bootstrap3 file plugin", "content_type": 54, "codename": "add_bootstrap3fileplugin"}}, {"model": "auth.permission", "pk": 166, "fields": {"name": "Can change bootstrap3 file plugin", "content_type": 54, "codename": "change_bootstrap3fileplugin"}}, {"model": "auth.permission", "pk": 167, "fields": {"name": "Can delete bootstrap3 file plugin", "content_type": 54, "codename": "delete_bootstrap3fileplugin"}}, {"model": "auth.permission", "pk": 168, "fields": {"name": "Can add boostrap3 panel plugin", "content_type": 55, "codename": "add_boostrap3panelplugin"}}, {"model": "auth.permission", "pk": 169, "fields": {"name": "Can change boostrap3 panel plugin", "content_type": 55, "codename": "change_boostrap3panelplugin"}}, {"model": "auth.permission", "pk": 170, "fields": {"name": "Can delete boostrap3 panel plugin", "content_type": 55, "codename": "delete_boostrap3panelplugin"}}, {"model": "auth.permission", "pk": 171, "fields": {"name": "Can add boostrap3 panel heading plugin", "content_type": 56, "codename": "add_boostrap3panelheadingplugin"}}, {"model": "auth.permission", "pk": 172, "fields": {"name": "Can change boostrap3 panel heading plugin", "content_type": 56, "codename": "change_boostrap3panelheadingplugin"}}, {"model": "auth.permission", "pk": 173, "fields": {"name": "Can delete boostrap3 panel heading plugin", "content_type": 56, "codename": "delete_boostrap3panelheadingplugin"}}, {"model": "auth.permission", "pk": 174, "fields": {"name": "Can add boostrap3 panel body plugin", "content_type": 57, "codename": "add_boostrap3panelbodyplugin"}}, {"model": "auth.permission", "pk": 175, "fields": {"name": "Can change boostrap3 panel body plugin", "content_type": 57, "codename": "change_boostrap3panelbodyplugin"}}, {"model": "auth.permission", "pk": 176, "fields": {"name": "Can delete boostrap3 panel body plugin", "content_type": 57, "codename": "delete_boostrap3panelbodyplugin"}}, {"model": "auth.permission", "pk": 177, "fields": {"name": "Can add boostrap3 panel footer plugin", "content_type": 58, "codename": "add_boostrap3panelfooterplugin"}}, {"model": "auth.permission", "pk": 178, "fields": {"name": "Can change boostrap3 panel footer plugin", "content_type": 58, "codename": "change_boostrap3panelfooterplugin"}}, {"model": "auth.permission", "pk": 179, "fields": {"name": "Can delete boostrap3 panel footer plugin", "content_type": 58, "codename": "delete_boostrap3panelfooterplugin"}}, {"model": "auth.permission", "pk": 180, "fields": {"name": "Can add bootstrap3 row plugin", "content_type": 59, "codename": "add_bootstrap3rowplugin"}}, {"model": "auth.permission", "pk": 181, "fields": {"name": "Can change bootstrap3 row plugin", "content_type": 59, "codename": "change_bootstrap3rowplugin"}}, {"model": "auth.permission", "pk": 182, "fields": {"name": "Can delete bootstrap3 row plugin", "content_type": 59, "codename": "delete_bootstrap3rowplugin"}}, {"model": "auth.permission", "pk": 183, "fields": {"name": "Can add bootstrap3 column plugin", "content_type": 60, "codename": "add_bootstrap3columnplugin"}}, {"model": "auth.permission", "pk": 184, "fields": {"name": "Can change bootstrap3 column plugin", "content_type": 60, "codename": "change_bootstrap3columnplugin"}}, {"model": "auth.permission", "pk": 185, "fields": {"name": "Can delete bootstrap3 column plugin", "content_type": 60, "codename": "delete_bootstrap3columnplugin"}}, {"model": "auth.permission", "pk": 186, "fields": {"name": "Can add bootstrap3 accordion plugin", "content_type": 61, "codename": "add_bootstrap3accordionplugin"}}, {"model": "auth.permission", "pk": 187, "fields": {"name": "Can change bootstrap3 accordion plugin", "content_type": 61, "codename": "change_bootstrap3accordionplugin"}}, {"model": "auth.permission", "pk": 188, "fields": {"name": "Can delete bootstrap3 accordion plugin", "content_type": 61, "codename": "delete_bootstrap3accordionplugin"}}, {"model": "auth.permission", "pk": 189, "fields": {"name": "Can add bootstrap3 accordion item plugin", "content_type": 62, "codename": "add_bootstrap3accordionitemplugin"}}, {"model": "auth.permission", "pk": 190, "fields": {"name": "Can change bootstrap3 accordion item plugin", "content_type": 62, "codename": "change_bootstrap3accordionitemplugin"}}, {"model": "auth.permission", "pk": 191, "fields": {"name": "Can delete bootstrap3 accordion item plugin", "content_type": 62, "codename": "delete_bootstrap3accordionitemplugin"}}, {"model": "auth.permission", "pk": 192, "fields": {"name": "Can add bootstrap3 list group plugin", "content_type": 63, "codename": "add_bootstrap3listgroupplugin"}}, {"model": "auth.permission", "pk": 193, "fields": {"name": "Can change bootstrap3 list group plugin", "content_type": 63, "codename": "change_bootstrap3listgroupplugin"}}, {"model": "auth.permission", "pk": 194, "fields": {"name": "Can delete bootstrap3 list group plugin", "content_type": 63, "codename": "delete_bootstrap3listgroupplugin"}}, {"model": "auth.permission", "pk": 195, "fields": {"name": "Can add bootstrap3 list group item plugin", "content_type": 64, "codename": "add_bootstrap3listgroupitemplugin"}}, {"model": "auth.permission", "pk": 196, "fields": {"name": "Can change bootstrap3 list group item plugin", "content_type": 64, "codename": "change_bootstrap3listgroupitemplugin"}}, {"model": "auth.permission", "pk": 197, "fields": {"name": "Can delete bootstrap3 list group item plugin", "content_type": 64, "codename": "delete_bootstrap3listgroupitemplugin"}}, {"model": "auth.permission", "pk": 198, "fields": {"name": "Can add bootstrap3 carousel plugin", "content_type": 65, "codename": "add_bootstrap3carouselplugin"}}, {"model": "auth.permission", "pk": 199, "fields": {"name": "Can change bootstrap3 carousel plugin", "content_type": 65, "codename": "change_bootstrap3carouselplugin"}}, {"model": "auth.permission", "pk": 200, "fields": {"name": "Can delete bootstrap3 carousel plugin", "content_type": 65, "codename": "delete_bootstrap3carouselplugin"}}, {"model": "auth.permission", "pk": 201, "fields": {"name": "Can add bootstrap3 carousel slide plugin", "content_type": 66, "codename": "add_bootstrap3carouselslideplugin"}}, {"model": "auth.permission", "pk": 202, "fields": {"name": "Can change bootstrap3 carousel slide plugin", "content_type": 66, "codename": "change_bootstrap3carouselslideplugin"}}, {"model": "auth.permission", "pk": 203, "fields": {"name": "Can delete bootstrap3 carousel slide plugin", "content_type": 66, "codename": "delete_bootstrap3carouselslideplugin"}}, {"model": "auth.permission", "pk": 204, "fields": {"name": "Can add bootstrap3 carousel slide folder plugin", "content_type": 67, "codename": "add_bootstrap3carouselslidefolderplugin"}}, {"model": "auth.permission", "pk": 205, "fields": {"name": "Can change bootstrap3 carousel slide folder plugin", "content_type": 67, "codename": "change_bootstrap3carouselslidefolderplugin"}}, {"model": "auth.permission", "pk": 206, "fields": {"name": "Can delete bootstrap3 carousel slide folder plugin", "content_type": 67, "codename": "delete_bootstrap3carouselslidefolderplugin"}}, {"model": "auth.permission", "pk": 207, "fields": {"name": "Can add category", "content_type": 69, "codename": "add_category"}}, {"model": "auth.permission", "pk": 208, "fields": {"name": "Can change category", "content_type": 69, "codename": "change_category"}}, {"model": "auth.permission", "pk": 209, "fields": {"name": "Can delete category", "content_type": 69, "codename": "delete_category"}}, {"model": "auth.permission", "pk": 210, "fields": {"name": "Can add application configuration", "content_type": 71, "codename": "add_newsblogconfig"}}, {"model": "auth.permission", "pk": 211, "fields": {"name": "Can change application configuration", "content_type": 71, "codename": "change_newsblogconfig"}}, {"model": "auth.permission", "pk": 212, "fields": {"name": "Can delete application configuration", "content_type": 71, "codename": "delete_newsblogconfig"}}, {"model": "auth.permission", "pk": 213, "fields": {"name": "Can add article", "content_type": 73, "codename": "add_article"}}, {"model": "auth.permission", "pk": 214, "fields": {"name": "Can change article", "content_type": 73, "codename": "change_article"}}, {"model": "auth.permission", "pk": 215, "fields": {"name": "Can delete article", "content_type": 73, "codename": "delete_article"}}, {"model": "auth.permission", "pk": 216, "fields": {"name": "Can add news blog archive plugin", "content_type": 74, "codename": "add_newsblogarchiveplugin"}}, {"model": "auth.permission", "pk": 217, "fields": {"name": "Can change news blog archive plugin", "content_type": 74, "codename": "change_newsblogarchiveplugin"}}, {"model": "auth.permission", "pk": 218, "fields": {"name": "Can delete news blog archive plugin", "content_type": 74, "codename": "delete_newsblogarchiveplugin"}}, {"model": "auth.permission", "pk": 219, "fields": {"name": "Can add news blog article search plugin", "content_type": 75, "codename": "add_newsblogarticlesearchplugin"}}, {"model": "auth.permission", "pk": 220, "fields": {"name": "Can change news blog article search plugin", "content_type": 75, "codename": "change_newsblogarticlesearchplugin"}}, {"model": "auth.permission", "pk": 221, "fields": {"name": "Can delete news blog article search plugin", "content_type": 75, "codename": "delete_newsblogarticlesearchplugin"}}, {"model": "auth.permission", "pk": 222, "fields": {"name": "Can add news blog authors plugin", "content_type": 76, "codename": "add_newsblogauthorsplugin"}}, {"model": "auth.permission", "pk": 223, "fields": {"name": "Can change news blog authors plugin", "content_type": 76, "codename": "change_newsblogauthorsplugin"}}, {"model": "auth.permission", "pk": 224, "fields": {"name": "Can delete news blog authors plugin", "content_type": 76, "codename": "delete_newsblogauthorsplugin"}}, {"model": "auth.permission", "pk": 225, "fields": {"name": "Can add news blog categories plugin", "content_type": 77, "codename": "add_newsblogcategoriesplugin"}}, {"model": "auth.permission", "pk": 226, "fields": {"name": "Can change news blog categories plugin", "content_type": 77, "codename": "change_newsblogcategoriesplugin"}}, {"model": "auth.permission", "pk": 227, "fields": {"name": "Can delete news blog categories plugin", "content_type": 77, "codename": "delete_newsblogcategoriesplugin"}}, {"model": "auth.permission", "pk": 228, "fields": {"name": "Can add news blog featured articles plugin", "content_type": 78, "codename": "add_newsblogfeaturedarticlesplugin"}}, {"model": "auth.permission", "pk": 229, "fields": {"name": "Can change news blog featured articles plugin", "content_type": 78, "codename": "change_newsblogfeaturedarticlesplugin"}}, {"model": "auth.permission", "pk": 230, "fields": {"name": "Can delete news blog featured articles plugin", "content_type": 78, "codename": "delete_newsblogfeaturedarticlesplugin"}}, {"model": "auth.permission", "pk": 231, "fields": {"name": "Can add news blog latest articles plugin", "content_type": 79, "codename": "add_newsbloglatestarticlesplugin"}}, {"model": "auth.permission", "pk": 232, "fields": {"name": "Can change news blog latest articles plugin", "content_type": 79, "codename": "change_newsbloglatestarticlesplugin"}}, {"model": "auth.permission", "pk": 233, "fields": {"name": "Can delete news blog latest articles plugin", "content_type": 79, "codename": "delete_newsbloglatestarticlesplugin"}}, {"model": "auth.permission", "pk": 234, "fields": {"name": "Can add news blog related plugin", "content_type": 80, "codename": "add_newsblogrelatedplugin"}}, {"model": "auth.permission", "pk": 235, "fields": {"name": "Can change news blog related plugin", "content_type": 80, "codename": "change_newsblogrelatedplugin"}}, {"model": "auth.permission", "pk": 236, "fields": {"name": "Can delete news blog related plugin", "content_type": 80, "codename": "delete_newsblogrelatedplugin"}}, {"model": "auth.permission", "pk": 237, "fields": {"name": "Can add news blog tags plugin", "content_type": 81, "codename": "add_newsblogtagsplugin"}}, {"model": "auth.permission", "pk": 238, "fields": {"name": "Can change news blog tags plugin", "content_type": 81, "codename": "change_newsblogtagsplugin"}}, {"model": "auth.permission", "pk": 239, "fields": {"name": "Can delete news blog tags plugin", "content_type": 81, "codename": "delete_newsblogtagsplugin"}}, {"model": "auth.permission", "pk": 240, "fields": {"name": "Can add Group", "content_type": 83, "codename": "add_group"}}, {"model": "auth.permission", "pk": 241, "fields": {"name": "Can change Group", "content_type": 83, "codename": "change_group"}}, {"model": "auth.permission", "pk": 242, "fields": {"name": "Can delete Group", "content_type": 83, "codename": "delete_group"}}, {"model": "auth.permission", "pk": 243, "fields": {"name": "Can add Person", "content_type": 85, "codename": "add_person"}}, {"model": "auth.permission", "pk": 244, "fields": {"name": "Can change Person", "content_type": 85, "codename": "change_person"}}, {"model": "auth.permission", "pk": 245, "fields": {"name": "Can delete Person", "content_type": 85, "codename": "delete_person"}}, {"model": "auth.permission", "pk": 246, "fields": {"name": "Can add people plugin", "content_type": 86, "codename": "add_peopleplugin"}}, {"model": "auth.permission", "pk": 247, "fields": {"name": "Can change people plugin", "content_type": 86, "codename": "change_peopleplugin"}}, {"model": "auth.permission", "pk": 248, "fields": {"name": "Can delete people plugin", "content_type": 86, "codename": "delete_peopleplugin"}}, {"model": "auth.permission", "pk": 249, "fields": {"name": "Can add Tag", "content_type": 87, "codename": "add_tag"}}, {"model": "auth.permission", "pk": 250, "fields": {"name": "Can change Tag", "content_type": 87, "codename": "change_tag"}}, {"model": "auth.permission", "pk": 251, "fields": {"name": "Can delete Tag", "content_type": 87, "codename": "delete_tag"}}, {"model": "auth.permission", "pk": 252, "fields": {"name": "Can add Tagged Item", "content_type": 88, "codename": "add_taggeditem"}}, {"model": "auth.permission", "pk": 253, "fields": {"name": "Can change Tagged Item", "content_type": 88, "codename": "change_taggeditem"}}, {"model": "auth.permission", "pk": 254, "fields": {"name": "Can delete Tagged Item", "content_type": 88, "codename": "delete_taggeditem"}}, {"model": "auth.permission", "pk": 255, "fields": {"name": "Can add tab header", "content_type": 89, "codename": "add_tabheader"}}, {"model": "auth.permission", "pk": 256, "fields": {"name": "Can change tab header", "content_type": 89, "codename": "change_tabheader"}}, {"model": "auth.permission", "pk": 257, "fields": {"name": "Can delete tab header", "content_type": 89, "codename": "delete_tabheader"}}, {"model": "auth.permission", "pk": 258, "fields": {"name": "Can add tab", "content_type": 90, "codename": "add_tab"}}, {"model": "auth.permission", "pk": 259, "fields": {"name": "Can change tab", "content_type": 90, "codename": "change_tab"}}, {"model": "auth.permission", "pk": 260, "fields": {"name": "Can delete tab", "content_type": 90, "codename": "delete_tab"}}, {"model": "auth.user", "pk": 1, "fields": {"password": "pbkdf2_sha256$24000$CKGSeLmUtD13$JCV4lGyJpaB2UOLyQ6oTm3aizFdom7Kt+XcCnckgOec=", "last_login": "2016-09-11T05:05:07.799Z", "is_superuser": true, "username": "admin", "first_name": "", "last_name": "", "email": "weichang@epylon.com", "is_staff": true, "is_active": true, "date_joined": "2016-09-02T19:51:20.397Z", "groups": [], "user_permissions": []}}, {"model": "admin.logentry", "pk": 1, "fields": {"action_time": "2016-09-12T05:03:03.666Z", "user": 1, "content_type": 15, "object_id": "3", "object_repr": "3", "action_flag": 3, "change_message": ""}}, {"model": "admin.logentry", "pk": 2, "fields": {"action_time": "2016-09-12T05:05:03.945Z", "user": 1, "content_type": 2, "object_id": "3", "object_repr": "home menu title", "action_flag": 1, "change_message": "Initial version."}}, {"model": "admin.logentry", "pk": 3, "fields": {"action_time": "2016-09-12T05:27:23.000Z", "user": 1, "content_type": 2, "object_id": "3", "object_repr": "home", "action_flag": 2, "change_message": ""}}, {"model": "cms.usersettings", "pk": 1, "fields": {"user": 1, "language": "en", "clipboard": 1}}, {"model": "reversion.revision", "pk": 1, "fields": {"manager_slug": "default", "date_created": "2016-09-02T23:25:31.293Z", "user": 1, "comment": "Initial version."}}, {"model": "reversion.revision", "pk": 2, "fields": {"manager_slug": "default", "date_created": "2016-09-12T05:02:45.302Z", "user": 1, "comment": "Text plugin added to content"}}, {"model": "reversion.revision", "pk": 3, "fields": {"manager_slug": "default", "date_created": "2016-09-12T05:03:04.193Z", "user": 1, "comment": "Text plugin at position 1 in content was deleted."}}, {"model": "reversion.revision", "pk": 4, "fields": {"manager_slug": "default", "date_created": "2016-09-12T05:03:30.440Z", "user": 1, "comment": "Text plugin added to content"}}, {"model": "reversion.revision", "pk": 5, "fields": {"manager_slug": "default", "date_created": "2016-09-12T05:05:04.047Z", "user": 1, "comment": "Initial version."}}, {"model": "reversion.revision", "pk": 6, "fields": {"manager_slug": "default", "date_created": "2016-09-12T05:27:23.010Z", "user": 1, "comment": "Publish"}}]